{
    "kp_score": 0.7797887748943875,
    "kp_popularity": 2.9169181251224863e-05,
    "imdb_score": 0.030008046670690004,
    "imdb_popularity": 0.19014484007242008,
    "has_crime": 2.9169181251224863e-05,
    "has_psychology": 0.0,
    "has_romantic_pursuit": 0.09,
    "has_after_work_watch": 0.0
}