{
    "kp_score": 0.744,
    "kp_popularity": 1.0943476875050826e-17,
    "imdb_score": 0.11,
    "imdb_popularity": 0.151,
    "has_crime": 0.0,
    "has_psychology": 1.0943476875050826e-17,
    "has_romantic_pursuit": 0.088
}