{
    "kp_score": 0.45,
    "kp_popularity": 1.0943476875050826e-17,
    "imdb_score": 0.12,
    "imdb_popularity": 0.13,
    "has_crime": 0.0,
    "has_psychology": 1.0943476875050826e-17,
    "has_comedy": 0.25,
    "has_romantic_pursuit": 0.1
}